<?xml version="1.0"?>
<Cars xmlns:xsi="http://www.w3.org/2001/XMLSchema-instance" xmlns:xsd="http://www.w3.org/2001/XMLSchema">
  <Car Manufacturer="PMtFAEz" Model="kJWKuyYXEWIYkaZnflFj" Year="2009" Price="121528.00">
    <TransmissionType>manual</TransmissionType>
    <Dealer Name="ZQBGAhhuXT">
      <Cities>
        <City>OPKZMOqK</City>
        <City>TvSjPvTF</City>
        <City>vElNRYqn</City>
        <City>iYFhupBr</City>
        <City>sgKPhxwF</City>
        <City>ntYvegwL</City>
        <City>HEqoIJPx</City>
        <City>ZXvFJkHF</City>
        <City>tVrKcniK</City>
        <City>FKFGdorx</City>
        <City>QgTHSqVe</City>
        <City>fVqilEYT</City>
        <City>mMrtfOve</City>
        <City>FAROWtYv</City>
        <City>lOzzPTbq</City>
      </Cities>
    </Dealer>
  </Car>
  <Car Manufacturer="jGlwWbe" Model="aOMxrdykYzVkbJQAPjBC" Year="2000" Price="183411.00">
    <TransmissionType>automatic</TransmissionType>
    <Dealer Name="evQEIaOOem">
      <Cities>
        <City>OPKZMOqK</City>
        <City>TvSjPvTF</City>
        <City>vElNRYqn</City>
        <City>iYFhupBr</City>
        <City>sgKPhxwF</City>
        <City>ntYvegwL</City>
        <City>HEqoIJPx</City>
        <City>ZXvFJkHF</City>
        <City>tVrKcniK</City>
        <City>FKFGdorx</City>
        <City>QgTHSqVe</City>
        <City>fVqilEYT</City>
        <City>mMrtfOve</City>
        <City>FAROWtYv</City>
        <City>lOzzPTbq</City>
      </Cities>
    </Dealer>
  </Car>
  <Car Manufacturer="WsumjhG" Model="xZFSWftHYKLHfeaABaSv" Year="1999" Price="38046.00">
    <TransmissionType>manual</TransmissionType>
    <Dealer Name="iIsBbyIPWL">
      <Cities>
        <City>OPKZMOqK</City>
        <City>TvSjPvTF</City>
        <City>vElNRYqn</City>
        <City>iYFhupBr</City>
        <City>sgKPhxwF</City>
        <City>ntYvegwL</City>
        <City>HEqoIJPx</City>
        <City>ZXvFJkHF</City>
        <City>tVrKcniK</City>
        <City>FKFGdorx</City>
        <City>QgTHSqVe</City>
        <City>fVqilEYT</City>
        <City>mMrtfOve</City>
        <City>FAROWtYv</City>
        <City>lOzzPTbq</City>
      </Cities>
    </Dealer>
  </Car>
  <Car Manufacturer="xjFLdMt" Model="oOrMtcKwgYeGdpqTlFpI" Year="2004" Price="17402.00">
    <TransmissionType>manual</TransmissionType>
    <Dealer Name="IIwZEZReus">
      <Cities>
        <City>OPKZMOqK</City>
        <City>TvSjPvTF</City>
        <City>vElNRYqn</City>
        <City>iYFhupBr</City>
        <City>sgKPhxwF</City>
        <City>ntYvegwL</City>
        <City>HEqoIJPx</City>
        <City>ZXvFJkHF</City>
        <City>tVrKcniK</City>
        <City>FKFGdorx</City>
        <City>QgTHSqVe</City>
        <City>fVqilEYT</City>
        <City>mMrtfOve</City>
        <City>FAROWtYv</City>
        <City>lOzzPTbq</City>
      </Cities>
    </Dealer>
  </Car>
  <Car Manufacturer="AQOqkua" Model="RslCGaPSqfQLRiwjyBWv" Year="1992" Price="186858.00">
    <TransmissionType>manual</TransmissionType>
    <Dealer Name="CBbyeIhKql">
      <Cities>
        <City>OPKZMOqK</City>
        <City>TvSjPvTF</City>
        <City>vElNRYqn</City>
        <City>iYFhupBr</City>
        <City>sgKPhxwF</City>
        <City>ntYvegwL</City>
        <City>HEqoIJPx</City>
        <City>ZXvFJkHF</City>
        <City>tVrKcniK</City>
        <City>FKFGdorx</City>
        <City>QgTHSqVe</City>
        <City>fVqilEYT</City>
        <City>mMrtfOve</City>
        <City>FAROWtYv</City>
        <City>lOzzPTbq</City>
      </Cities>
    </Dealer>
  </Car>
  <Car Manufacturer="SofvzqX" Model="quzSlwAyKSKeSDqKyLDa" Year="1995" Price="152203.00">
    <TransmissionType>automatic</TransmissionType>
    <Dealer Name="WdSNMsGpYW">
      <Cities>
        <City>OPKZMOqK</City>
        <City>TvSjPvTF</City>
        <City>vElNRYqn</City>
        <City>iYFhupBr</City>
        <City>sgKPhxwF</City>
        <City>ntYvegwL</City>
        <City>HEqoIJPx</City>
        <City>ZXvFJkHF</City>
        <City>tVrKcniK</City>
        <City>FKFGdorx</City>
        <City>QgTHSqVe</City>
        <City>fVqilEYT</City>
        <City>mMrtfOve</City>
        <City>FAROWtYv</City>
        <City>lOzzPTbq</City>
      </Cities>
    </Dealer>
  </Car>
  <Car Manufacturer="trZSOuZ" Model="YRyoovsskUTYuTKTYeYU" Year="1992" Price="136111.00">
    <TransmissionType>manual</TransmissionType>
    <Dealer Name="JiBuTVOLZU">
      <Cities>
        <City>OPKZMOqK</City>
        <City>TvSjPvTF</City>
        <City>vElNRYqn</City>
        <City>iYFhupBr</City>
        <City>sgKPhxwF</City>
        <City>ntYvegwL</City>
        <City>HEqoIJPx</City>
        <City>ZXvFJkHF</City>
        <City>tVrKcniK</City>
        <City>FKFGdorx</City>
        <City>QgTHSqVe</City>
        <City>fVqilEYT</City>
        <City>mMrtfOve</City>
        <City>FAROWtYv</City>
        <City>lOzzPTbq</City>
      </Cities>
    </Dealer>
  </Car>
  <Car Manufacturer="AQOqkua" Model="liajjetKXjAWeOlZTVrZ" Year="1998" Price="66631.00">
    <TransmissionType>manual</TransmissionType>
    <Dealer Name="qzegElxbOE">
      <Cities>
        <City>OPKZMOqK</City>
        <City>TvSjPvTF</City>
        <City>vElNRYqn</City>
        <City>iYFhupBr</City>
        <City>sgKPhxwF</City>
        <City>ntYvegwL</City>
        <City>HEqoIJPx</City>
        <City>ZXvFJkHF</City>
        <City>tVrKcniK</City>
        <City>FKFGdorx</City>
        <City>QgTHSqVe</City>
        <City>fVqilEYT</City>
        <City>mMrtfOve</City>
        <City>FAROWtYv</City>
        <City>lOzzPTbq</City>
      </Cities>
    </Dealer>
  </Car>
  <Car Manufacturer="YMvBcES" Model="wDrGMMJvJKSAlpejwbSC" Year="2007" Price="2280.00">
    <TransmissionType>automatic</TransmissionType>
    <Dealer Name="XjwcFxwGvM">
      <Cities>
        <City>OPKZMOqK</City>
        <City>TvSjPvTF</City>
        <City>vElNRYqn</City>
        <City>iYFhupBr</City>
        <City>sgKPhxwF</City>
        <City>ntYvegwL</City>
        <City>HEqoIJPx</City>
        <City>ZXvFJkHF</City>
        <City>tVrKcniK</City>
        <City>FKFGdorx</City>
        <City>QgTHSqVe</City>
        <City>fVqilEYT</City>
        <City>mMrtfOve</City>
        <City>FAROWtYv</City>
        <City>lOzzPTbq</City>
      </Cities>
    </Dealer>
  </Car>
  <Car Manufacturer="TVhYcLs" Model="uFbCSGBChqSQWoMiEbHS" Year="2013" Price="141519.00">
    <TransmissionType>automatic</TransmissionType>
    <Dealer Name="evQEIaOOem">
      <Cities>
        <City>OPKZMOqK</City>
        <City>TvSjPvTF</City>
        <City>vElNRYqn</City>
        <City>iYFhupBr</City>
        <City>sgKPhxwF</City>
        <City>ntYvegwL</City>
        <City>HEqoIJPx</City>
        <City>ZXvFJkHF</City>
        <City>tVrKcniK</City>
        <City>FKFGdorx</City>
        <City>QgTHSqVe</City>
        <City>fVqilEYT</City>
        <City>mMrtfOve</City>
        <City>FAROWtYv</City>
        <City>lOzzPTbq</City>
      </Cities>
    </Dealer>
  </Car>
  <Car Manufacturer="jGlwWbe" Model="BggmUiHeRETHrLziIoQf" Year="2010" Price="19626.00">
    <TransmissionType>manual</TransmissionType>
    <Dealer Name="iIsBbyIPWL">
      <Cities>
        <City>OPKZMOqK</City>
        <City>TvSjPvTF</City>
        <City>vElNRYqn</City>
        <City>iYFhupBr</City>
        <City>sgKPhxwF</City>
        <City>ntYvegwL</City>
        <City>HEqoIJPx</City>
        <City>ZXvFJkHF</City>
        <City>tVrKcniK</City>
        <City>FKFGdorx</City>
        <City>QgTHSqVe</City>
        <City>fVqilEYT</City>
        <City>mMrtfOve</City>
        <City>FAROWtYv</City>
        <City>lOzzPTbq</City>
      </Cities>
    </Dealer>
  </Car>
  <Car Manufacturer="CxRwrFv" Model="BgxtKuOdEVWuWkIrWIPw" Year="1999" Price="137678.00">
    <TransmissionType>manual</TransmissionType>
    <Dealer Name="XnwVksNoVH">
      <Cities>
        <City>OPKZMOqK</City>
        <City>TvSjPvTF</City>
        <City>vElNRYqn</City>
        <City>iYFhupBr</City>
        <City>sgKPhxwF</City>
        <City>ntYvegwL</City>
        <City>HEqoIJPx</City>
        <City>ZXvFJkHF</City>
        <City>tVrKcniK</City>
        <City>FKFGdorx</City>
        <City>QgTHSqVe</City>
        <City>fVqilEYT</City>
        <City>mMrtfOve</City>
        <City>FAROWtYv</City>
        <City>lOzzPTbq</City>
      </Cities>
    </Dealer>
  </Car>
  <Car Manufacturer="fiWURFS" Model="QHkWqPhMgbgYtZsNHdMN" Year="2001" Price="72391.00">
    <TransmissionType>manual</TransmissionType>
    <Dealer Name="CBbyeIhKql">
      <Cities>
        <City>OPKZMOqK</City>
        <City>TvSjPvTF</City>
        <City>vElNRYqn</City>
        <City>iYFhupBr</City>
        <City>sgKPhxwF</City>
        <City>ntYvegwL</City>
        <City>HEqoIJPx</City>
        <City>ZXvFJkHF</City>
        <City>tVrKcniK</City>
        <City>FKFGdorx</City>
        <City>QgTHSqVe</City>
        <City>fVqilEYT</City>
        <City>mMrtfOve</City>
        <City>FAROWtYv</City>
        <City>lOzzPTbq</City>
      </Cities>
    </Dealer>
  </Car>
  <Car Manufacturer="YMvBcES" Model="BIYGMvzEdHthfHNJEhKy" Year="1991" Price="57552.00">
    <TransmissionType>manual</TransmissionType>
    <Dealer Name="evQEIaOOem">
      <Cities>
        <City>OPKZMOqK</City>
        <City>TvSjPvTF</City>
        <City>vElNRYqn</City>
        <City>iYFhupBr</City>
        <City>sgKPhxwF</City>
        <City>ntYvegwL</City>
        <City>HEqoIJPx</City>
        <City>ZXvFJkHF</City>
        <City>tVrKcniK</City>
        <City>FKFGdorx</City>
        <City>QgTHSqVe</City>
        <City>fVqilEYT</City>
        <City>mMrtfOve</City>
        <City>FAROWtYv</City>
        <City>lOzzPTbq</City>
      </Cities>
    </Dealer>
  </Car>
  <Car Manufacturer="cXuLkSM" Model="pgnkkXOJNZnaOlYpwlUZ" Year="1990" Price="194662.00">
    <TransmissionType>automatic</TransmissionType>
    <Dealer Name="sXGaacxxJP">
      <Cities>
        <City>OPKZMOqK</City>
        <City>TvSjPvTF</City>
        <City>vElNRYqn</City>
        <City>iYFhupBr</City>
        <City>sgKPhxwF</City>
        <City>ntYvegwL</City>
        <City>HEqoIJPx</City>
        <City>ZXvFJkHF</City>
        <City>tVrKcniK</City>
        <City>FKFGdorx</City>
        <City>QgTHSqVe</City>
        <City>fVqilEYT</City>
        <City>mMrtfOve</City>
        <City>FAROWtYv</City>
        <City>lOzzPTbq</City>
      </Cities>
    </Dealer>
  </Car>
  <Car Manufacturer="jGlwWbe" Model="CJSMECRXFTRsWWTVunWe" Year="2002" Price="71627.00">
    <TransmissionType>manual</TransmissionType>
    <Dealer Name="XnwVksNoVH">
      <Cities>
        <City>OPKZMOqK</City>
        <City>TvSjPvTF</City>
        <City>vElNRYqn</City>
        <City>iYFhupBr</City>
        <City>sgKPhxwF</City>
        <City>ntYvegwL</City>
        <City>HEqoIJPx</City>
        <City>ZXvFJkHF</City>
        <City>tVrKcniK</City>
        <City>FKFGdorx</City>
        <City>QgTHSqVe</City>
        <City>fVqilEYT</City>
        <City>mMrtfOve</City>
        <City>FAROWtYv</City>
        <City>lOzzPTbq</City>
      </Cities>
    </Dealer>
  </Car>
  <Car Manufacturer="ccYKYpR" Model="BPrkgeJvUErBUkIrfEYE" Year="1992" Price="59414.00">
    <TransmissionType>manual</TransmissionType>
    <Dealer Name="IIwZEZReus">
      <Cities>
        <City>OPKZMOqK</City>
        <City>TvSjPvTF</City>
        <City>vElNRYqn</City>
        <City>iYFhupBr</City>
        <City>sgKPhxwF</City>
        <City>ntYvegwL</City>
        <City>HEqoIJPx</City>
        <City>ZXvFJkHF</City>
        <City>tVrKcniK</City>
        <City>FKFGdorx</City>
        <City>QgTHSqVe</City>
        <City>fVqilEYT</City>
        <City>mMrtfOve</City>
        <City>FAROWtYv</City>
        <City>lOzzPTbq</City>
      </Cities>
    </Dealer>
  </Car>
  <Car Manufacturer="myszMtE" Model="mxWcksSmBCfUnmjaBOes" Year="2000" Price="74113.00">
    <TransmissionType>manual</TransmissionType>
    <Dealer Name="XnwVksNoVH">
      <Cities>
        <City>OPKZMOqK</City>
        <City>TvSjPvTF</City>
        <City>vElNRYqn</City>
        <City>iYFhupBr</City>
        <City>sgKPhxwF</City>
        <City>ntYvegwL</City>
        <City>HEqoIJPx</City>
        <City>ZXvFJkHF</City>
        <City>tVrKcniK</City>
        <City>FKFGdorx</City>
        <City>QgTHSqVe</City>
        <City>fVqilEYT</City>
        <City>mMrtfOve</City>
        <City>FAROWtYv</City>
        <City>lOzzPTbq</City>
      </Cities>
    </Dealer>
  </Car>
  <Car Manufacturer="tagDKRA" Model="BpCDJOZTsLYsUyiijGLL" Year="2000" Price="67609.00">
    <TransmissionType>manual</TransmissionType>
    <Dealer Name="LGQggviZXd">
      <Cities>
        <City>OPKZMOqK</City>
        <City>TvSjPvTF</City>
        <City>vElNRYqn</City>
        <City>iYFhupBr</City>
        <City>sgKPhxwF</City>
        <City>ntYvegwL</City>
        <City>HEqoIJPx</City>
        <City>ZXvFJkHF</City>
        <City>tVrKcniK</City>
        <City>FKFGdorx</City>
        <City>QgTHSqVe</City>
        <City>fVqilEYT</City>
        <City>mMrtfOve</City>
        <City>FAROWtYv</City>
        <City>lOzzPTbq</City>
      </Cities>
    </Dealer>
  </Car>
  <Car Manufacturer="cXuLkSM" Model="yRtBbwjPrdjytRuTuXCJ" Year="1995" Price="180037.00">
    <TransmissionType>manual</TransmissionType>
    <Dealer Name="kOMOEHMjOD">
      <Cities>
        <City>OPKZMOqK</City>
        <City>TvSjPvTF</City>
        <City>vElNRYqn</City>
        <City>iYFhupBr</City>
        <City>sgKPhxwF</City>
        <City>ntYvegwL</City>
        <City>HEqoIJPx</City>
        <City>ZXvFJkHF</City>
        <City>tVrKcniK</City>
        <City>FKFGdorx</City>
        <City>QgTHSqVe</City>
        <City>fVqilEYT</City>
        <City>mMrtfOve</City>
        <City>FAROWtYv</City>
        <City>lOzzPTbq</City>
      </Cities>
    </Dealer>
  </Car>
  <Car Manufacturer="ccYKYpR" Model="OiDPUOGSQHarkcJEGFzl" Year="1998" Price="49867.00">
    <TransmissionType>manual</TransmissionType>
    <Dealer Name="ymZyZJDUqh">
      <Cities>
        <City>OPKZMOqK</City>
        <City>TvSjPvTF</City>
        <City>vElNRYqn</City>
        <City>iYFhupBr</City>
        <City>sgKPhxwF</City>
        <City>ntYvegwL</City>
        <City>HEqoIJPx</City>
        <City>ZXvFJkHF</City>
        <City>tVrKcniK</City>
        <City>FKFGdorx</City>
        <City>QgTHSqVe</City>
        <City>fVqilEYT</City>
        <City>mMrtfOve</City>
        <City>FAROWtYv</City>
        <City>lOzzPTbq</City>
      </Cities>
    </Dealer>
  </Car>
  <Car Manufacturer="gtOPZto" Model="lnwRHIzMhBMbIUraBmtC" Year="1990" Price="151054.00">
    <TransmissionType>manual</TransmissionType>
    <Dealer Name="WdSNMsGpYW">
      <Cities>
        <City>OPKZMOqK</City>
        <City>TvSjPvTF</City>
        <City>vElNRYqn</City>
        <City>iYFhupBr</City>
        <City>sgKPhxwF</City>
        <City>ntYvegwL</City>
        <City>HEqoIJPx</City>
        <City>ZXvFJkHF</City>
        <City>tVrKcniK</City>
        <City>FKFGdorx</City>
        <City>QgTHSqVe</City>
        <City>fVqilEYT</City>
        <City>mMrtfOve</City>
        <City>FAROWtYv</City>
        <City>lOzzPTbq</City>
      </Cities>
    </Dealer>
  </Car>
  <Car Manufacturer="xjFLdMt" Model="lQCURFXWcTWyASrXuIsf" Year="2012" Price="187795.00">
    <TransmissionType>manual</TransmissionType>
    <Dealer Name="XnwVksNoVH">
      <Cities>
        <City>OPKZMOqK</City>
        <City>TvSjPvTF</City>
        <City>vElNRYqn</City>
        <City>iYFhupBr</City>
        <City>sgKPhxwF</City>
        <City>ntYvegwL</City>
        <City>HEqoIJPx</City>
        <City>ZXvFJkHF</City>
        <City>tVrKcniK</City>
        <City>FKFGdorx</City>
        <City>QgTHSqVe</City>
        <City>fVqilEYT</City>
        <City>mMrtfOve</City>
        <City>FAROWtYv</City>
        <City>lOzzPTbq</City>
      </Cities>
    </Dealer>
  </Car>
  <Car Manufacturer="VtmTPdt" Model="EoKLnFsCXiJNjGEmrYED" Year="1995" Price="147591.00">
    <TransmissionType>manual</TransmissionType>
    <Dealer Name="OSJrwoeKYK">
      <Cities>
        <City>OPKZMOqK</City>
        <City>TvSjPvTF</City>
        <City>vElNRYqn</City>
        <City>iYFhupBr</City>
        <City>sgKPhxwF</City>
        <City>ntYvegwL</City>
        <City>HEqoIJPx</City>
        <City>ZXvFJkHF</City>
        <City>tVrKcniK</City>
        <City>FKFGdorx</City>
        <City>QgTHSqVe</City>
        <City>fVqilEYT</City>
        <City>mMrtfOve</City>
        <City>FAROWtYv</City>
        <City>lOzzPTbq</City>
      </Cities>
    </Dealer>
  </Car>
  <Car Manufacturer="cXuLkSM" Model="yuIGXRbnBiLRfQGxuJOg" Year="2003" Price="94782.00">
    <TransmissionType>manual</TransmissionType>
    <Dealer Name="jVFUWocYur">
      <Cities>
        <City>OPKZMOqK</City>
        <City>TvSjPvTF</City>
        <City>vElNRYqn</City>
        <City>iYFhupBr</City>
        <City>sgKPhxwF</City>
        <City>ntYvegwL</City>
        <City>HEqoIJPx</City>
        <City>ZXvFJkHF</City>
        <City>tVrKcniK</City>
        <City>FKFGdorx</City>
        <City>QgTHSqVe</City>
        <City>fVqilEYT</City>
        <City>mMrtfOve</City>
        <City>FAROWtYv</City>
        <City>lOzzPTbq</City>
      </Cities>
    </Dealer>
  </Car>
  <Car Manufacturer="tagDKRA" Model="gprddvfvHxuRLslwFVaa" Year="2014" Price="173680.00">
    <TransmissionType>manual</TransmissionType>
    <Dealer Name="OSJrwoeKYK">
      <Cities>
        <City>OPKZMOqK</City>
        <City>TvSjPvTF</City>
        <City>vElNRYqn</City>
        <City>iYFhupBr</City>
        <City>sgKPhxwF</City>
        <City>ntYvegwL</City>
        <City>HEqoIJPx</City>
        <City>ZXvFJkHF</City>
        <City>tVrKcniK</City>
        <City>FKFGdorx</City>
        <City>QgTHSqVe</City>
        <City>fVqilEYT</City>
        <City>mMrtfOve</City>
        <City>FAROWtYv</City>
        <City>lOzzPTbq</City>
      </Cities>
    </Dealer>
  </Car>
  <Car Manufacturer="CwmHFgJ" Model="AyTMTxTCklvXEQlkIIDd" Year="2013" Price="190286.00">
    <TransmissionType>manual</TransmissionType>
    <Dealer Name="OSJrwoeKYK">
      <Cities>
        <City>OPKZMOqK</City>
        <City>TvSjPvTF</City>
        <City>vElNRYqn</City>
        <City>iYFhupBr</City>
        <City>sgKPhxwF</City>
        <City>ntYvegwL</City>
        <City>HEqoIJPx</City>
        <City>ZXvFJkHF</City>
        <City>tVrKcniK</City>
        <City>FKFGdorx</City>
        <City>QgTHSqVe</City>
        <City>fVqilEYT</City>
        <City>mMrtfOve</City>
        <City>FAROWtYv</City>
        <City>lOzzPTbq</City>
      </Cities>
    </Dealer>
  </Car>
  <Car Manufacturer="fiWURFS" Model="kMbssDxbugcvexxJIAAi" Year="2010" Price="63902.00">
    <TransmissionType>automatic</TransmissionType>
    <Dealer Name="OSJrwoeKYK">
      <Cities>
        <City>OPKZMOqK</City>
        <City>TvSjPvTF</City>
        <City>vElNRYqn</City>
        <City>iYFhupBr</City>
        <City>sgKPhxwF</City>
        <City>ntYvegwL</City>
        <City>HEqoIJPx</City>
        <City>ZXvFJkHF</City>
        <City>tVrKcniK</City>
        <City>FKFGdorx</City>
        <City>QgTHSqVe</City>
        <City>fVqilEYT</City>
        <City>mMrtfOve</City>
        <City>FAROWtYv</City>
        <City>lOzzPTbq</City>
      </Cities>
    </Dealer>
  </Car>
  <Car Manufacturer="jGlwWbe" Model="lCEeDrgNNHartsacWEHM" Year="2006" Price="115540.00">
    <TransmissionType>automatic</TransmissionType>
    <Dealer Name="aVhMNylErc">
      <Cities>
        <City>OPKZMOqK</City>
        <City>TvSjPvTF</City>
        <City>vElNRYqn</City>
        <City>iYFhupBr</City>
        <City>sgKPhxwF</City>
        <City>ntYvegwL</City>
        <City>HEqoIJPx</City>
        <City>ZXvFJkHF</City>
        <City>tVrKcniK</City>
        <City>FKFGdorx</City>
        <City>QgTHSqVe</City>
        <City>fVqilEYT</City>
        <City>mMrtfOve</City>
        <City>FAROWtYv</City>
        <City>lOzzPTbq</City>
      </Cities>
    </Dealer>
  </Car>
  <Car Manufacturer="WsumjhG" Model="bxpaXSMDRuXPdlOQjqiQ" Year="1993" Price="26102.00">
    <TransmissionType>automatic</TransmissionType>
    <Dealer Name="evQEIaOOem">
      <Cities>
        <City>OPKZMOqK</City>
        <City>TvSjPvTF</City>
        <City>vElNRYqn</City>
        <City>iYFhupBr</City>
        <City>sgKPhxwF</City>
        <City>ntYvegwL</City>
        <City>HEqoIJPx</City>
        <City>ZXvFJkHF</City>
        <City>tVrKcniK</City>
        <City>FKFGdorx</City>
        <City>QgTHSqVe</City>
        <City>fVqilEYT</City>
        <City>mMrtfOve</City>
        <City>FAROWtYv</City>
        <City>lOzzPTbq</City>
      </Cities>
    </Dealer>
  </Car>
  <Car Manufacturer="PMtFAEz" Model="BTKfWQQIPiYnkIfpafFG" Year="2015" Price="106433.00">
    <TransmissionType>manual</TransmissionType>
    <Dealer Name="JECphgTOkf">
      <Cities>
        <City>OPKZMOqK</City>
        <City>TvSjPvTF</City>
        <City>vElNRYqn</City>
        <City>HEqoIJPx</City>
        <City>ZXvFJkHF</City>
        <City>tVrKcniK</City>
        <City>mMrtfOve</City>
        <City>FAROWtYv</City>
        <City>lOzzPTbq</City>
        <City>FKFGdorx</City>
        <City>QgTHSqVe</City>
        <City>fVqilEYT</City>
        <City>iYFhupBr</City>
        <City>sgKPhxwF</City>
        <City>ntYvegwL</City>
      </Cities>
    </Dealer>
  </Car>
  <Car Manufacturer="cXuLkSM" Model="FxoTqBmmRssmXHyUVgsw" Year="2008" Price="24103.00">
    <TransmissionType>manual</TransmissionType>
    <Dealer Name="OSJrwoeKYK">
      <Cities>
        <City>OPKZMOqK</City>
        <City>TvSjPvTF</City>
        <City>vElNRYqn</City>
        <City>iYFhupBr</City>
        <City>sgKPhxwF</City>
        <City>ntYvegwL</City>
        <City>HEqoIJPx</City>
        <City>ZXvFJkHF</City>
        <City>tVrKcniK</City>
        <City>FKFGdorx</City>
        <City>QgTHSqVe</City>
        <City>fVqilEYT</City>
        <City>mMrtfOve</City>
        <City>FAROWtYv</City>
        <City>lOzzPTbq</City>
      </Cities>
    </Dealer>
  </Car>
  <Car Manufacturer="trZSOuZ" Model="hhIeVxIgKTUvsWBxrmwo" Year="1993" Price="32117.00">
    <TransmissionType>manual</TransmissionType>
    <Dealer Name="kOMOEHMjOD">
      <Cities>
        <City>OPKZMOqK</City>
        <City>TvSjPvTF</City>
        <City>vElNRYqn</City>
        <City>iYFhupBr</City>
        <City>sgKPhxwF</City>
        <City>ntYvegwL</City>
        <City>HEqoIJPx</City>
        <City>ZXvFJkHF</City>
        <City>tVrKcniK</City>
        <City>FKFGdorx</City>
        <City>QgTHSqVe</City>
        <City>fVqilEYT</City>
        <City>mMrtfOve</City>
        <City>FAROWtYv</City>
        <City>lOzzPTbq</City>
      </Cities>
    </Dealer>
  </Car>
  <Car Manufacturer="ccYKYpR" Model="UajgMXmOTFdmXvdrwfza" Year="2013" Price="152243.00">
    <TransmissionType>manual</TransmissionType>
    <Dealer Name="qzegElxbOE">
      <Cities>
        <City>OPKZMOqK</City>
        <City>TvSjPvTF</City>
        <City>vElNRYqn</City>
        <City>iYFhupBr</City>
        <City>sgKPhxwF</City>
        <City>ntYvegwL</City>
        <City>HEqoIJPx</City>
        <City>ZXvFJkHF</City>
        <City>tVrKcniK</City>
        <City>FKFGdorx</City>
        <City>QgTHSqVe</City>
        <City>fVqilEYT</City>
        <City>mMrtfOve</City>
        <City>FAROWtYv</City>
        <City>lOzzPTbq</City>
      </Cities>
    </Dealer>
  </Car>
  <Car Manufacturer="gtOPZto" Model="UsTjZBdDciweHwJeCwTE" Year="1995" Price="58265.00">
    <TransmissionType>automatic</TransmissionType>
    <Dealer Name="kOMOEHMjOD">
      <Cities>
        <City>OPKZMOqK</City>
        <City>TvSjPvTF</City>
        <City>vElNRYqn</City>
        <City>iYFhupBr</City>
        <City>sgKPhxwF</City>
        <City>ntYvegwL</City>
        <City>HEqoIJPx</City>
        <City>ZXvFJkHF</City>
        <City>tVrKcniK</City>
        <City>FKFGdorx</City>
        <City>QgTHSqVe</City>
        <City>fVqilEYT</City>
        <City>mMrtfOve</City>
        <City>FAROWtYv</City>
        <City>lOzzPTbq</City>
      </Cities>
    </Dealer>
  </Car>
  <Car Manufacturer="VtmTPdt" Model="HaeyfbxODtukfcIUSvuS" Year="1998" Price="92337.00">
    <TransmissionType>automatic</TransmissionType>
    <Dealer Name="RxYkDxpDDw">
      <Cities>
        <City>OPKZMOqK</City>
        <City>TvSjPvTF</City>
        <City>vElNRYqn</City>
        <City>iYFhupBr</City>
        <City>sgKPhxwF</City>
        <City>ntYvegwL</City>
        <City>HEqoIJPx</City>
        <City>ZXvFJkHF</City>
        <City>tVrKcniK</City>
        <City>FKFGdorx</City>
        <City>QgTHSqVe</City>
        <City>fVqilEYT</City>
        <City>mMrtfOve</City>
        <City>FAROWtYv</City>
        <City>lOzzPTbq</City>
      </Cities>
    </Dealer>
  </Car>
  <Car Manufacturer="gtOPZto" Model="pdjSiCiwuCYdCVgttPjS" Year="2014" Price="63314.00">
    <TransmissionType>manual</TransmissionType>
    <Dealer Name="qzegElxbOE">
      <Cities>
        <City>OPKZMOqK</City>
        <City>TvSjPvTF</City>
        <City>vElNRYqn</City>
        <City>iYFhupBr</City>
        <City>sgKPhxwF</City>
        <City>ntYvegwL</City>
        <City>HEqoIJPx</City>
        <City>ZXvFJkHF</City>
        <City>tVrKcniK</City>
        <City>FKFGdorx</City>
        <City>QgTHSqVe</City>
        <City>fVqilEYT</City>
        <City>mMrtfOve</City>
        <City>FAROWtYv</City>
        <City>lOzzPTbq</City>
      </Cities>
    </Dealer>
  </Car>
  <Car Manufacturer="SofvzqX" Model="WiFEKVfgmTekLsCjiFwo" Year="2008" Price="170977.00">
    <TransmissionType>manual</TransmissionType>
    <Dealer Name="CBbyeIhKql">
      <Cities>
        <City>OPKZMOqK</City>
        <City>TvSjPvTF</City>
        <City>vElNRYqn</City>
        <City>iYFhupBr</City>
        <City>sgKPhxwF</City>
        <City>ntYvegwL</City>
        <City>HEqoIJPx</City>
        <City>ZXvFJkHF</City>
        <City>tVrKcniK</City>
        <City>FKFGdorx</City>
        <City>QgTHSqVe</City>
        <City>fVqilEYT</City>
        <City>mMrtfOve</City>
        <City>FAROWtYv</City>
        <City>lOzzPTbq</City>
      </Cities>
    </Dealer>
  </Car>
  <Car Manufacturer="CwmHFgJ" Model="ZAixhpjTgzrpsDyWjNOI" Year="1997" Price="18268.00">
    <TransmissionType>manual</TransmissionType>
    <Dealer Name="CBbyeIhKql">
      <Cities>
        <City>OPKZMOqK</City>
        <City>TvSjPvTF</City>
        <City>vElNRYqn</City>
        <City>iYFhupBr</City>
        <City>sgKPhxwF</City>
        <City>ntYvegwL</City>
        <City>HEqoIJPx</City>
        <City>ZXvFJkHF</City>
        <City>tVrKcniK</City>
        <City>FKFGdorx</City>
        <City>QgTHSqVe</City>
        <City>fVqilEYT</City>
        <City>mMrtfOve</City>
        <City>FAROWtYv</City>
        <City>lOzzPTbq</City>
      </Cities>
    </Dealer>
  </Car>
  <Car Manufacturer="cXuLkSM" Model="xuWxwauJvexolpAsLDss" Year="2011" Price="51766.00">
    <TransmissionType>manual</TransmissionType>
    <Dealer Name="ymZyZJDUqh">
      <Cities>
        <City>OPKZMOqK</City>
        <City>TvSjPvTF</City>
        <City>vElNRYqn</City>
        <City>iYFhupBr</City>
        <City>sgKPhxwF</City>
        <City>ntYvegwL</City>
        <City>HEqoIJPx</City>
        <City>ZXvFJkHF</City>
        <City>tVrKcniK</City>
        <City>FKFGdorx</City>
        <City>QgTHSqVe</City>
        <City>fVqilEYT</City>
        <City>mMrtfOve</City>
        <City>FAROWtYv</City>
        <City>lOzzPTbq</City>
      </Cities>
    </Dealer>
  </Car>
  <Car Manufacturer="kMMQToM" Model="QBwilBorrpwiCQujHTYu" Year="1993" Price="107979.00">
    <TransmissionType>manual</TransmissionType>
    <Dealer Name="OSJrwoeKYK">
      <Cities>
        <City>OPKZMOqK</City>
        <City>TvSjPvTF</City>
        <City>vElNRYqn</City>
        <City>iYFhupBr</City>
        <City>sgKPhxwF</City>
        <City>ntYvegwL</City>
        <City>HEqoIJPx</City>
        <City>ZXvFJkHF</City>
        <City>tVrKcniK</City>
        <City>FKFGdorx</City>
        <City>QgTHSqVe</City>
        <City>fVqilEYT</City>
        <City>mMrtfOve</City>
        <City>FAROWtYv</City>
        <City>lOzzPTbq</City>
      </Cities>
    </Dealer>
  </Car>
  <Car Manufacturer="myszMtE" Model="oQcEEAHYKtMNtvAtyLvd" Year="2014" Price="3887.00">
    <TransmissionType>manual</TransmissionType>
    <Dealer Name="jVFUWocYur">
      <Cities>
        <City>OPKZMOqK</City>
        <City>TvSjPvTF</City>
        <City>vElNRYqn</City>
        <City>iYFhupBr</City>
        <City>sgKPhxwF</City>
        <City>ntYvegwL</City>
        <City>HEqoIJPx</City>
        <City>ZXvFJkHF</City>
        <City>tVrKcniK</City>
        <City>FKFGdorx</City>
        <City>QgTHSqVe</City>
        <City>fVqilEYT</City>
        <City>mMrtfOve</City>
        <City>FAROWtYv</City>
        <City>lOzzPTbq</City>
      </Cities>
    </Dealer>
  </Car>
  <Car Manufacturer="zVKNbOL" Model="xvwrtkCYNXPmlvadGBWu" Year="2013" Price="100060.00">
    <TransmissionType>manual</TransmissionType>
    <Dealer Name="sXGaacxxJP">
      <Cities>
        <City>OPKZMOqK</City>
        <City>TvSjPvTF</City>
        <City>vElNRYqn</City>
        <City>iYFhupBr</City>
        <City>sgKPhxwF</City>
        <City>ntYvegwL</City>
        <City>HEqoIJPx</City>
        <City>ZXvFJkHF</City>
        <City>tVrKcniK</City>
        <City>FKFGdorx</City>
        <City>QgTHSqVe</City>
        <City>fVqilEYT</City>
        <City>mMrtfOve</City>
        <City>FAROWtYv</City>
        <City>lOzzPTbq</City>
      </Cities>
    </Dealer>
  </Car>
  <Car Manufacturer="WsumjhG" Model="QBLNTzThDMbSAcKViceM" Year="1991" Price="103137.00">
    <TransmissionType>automatic</TransmissionType>
    <Dealer Name="RxYkDxpDDw">
      <Cities>
        <City>OPKZMOqK</City>
        <City>TvSjPvTF</City>
        <City>vElNRYqn</City>
        <City>iYFhupBr</City>
        <City>sgKPhxwF</City>
        <City>ntYvegwL</City>
        <City>HEqoIJPx</City>
        <City>ZXvFJkHF</City>
        <City>tVrKcniK</City>
        <City>FKFGdorx</City>
        <City>QgTHSqVe</City>
        <City>fVqilEYT</City>
        <City>mMrtfOve</City>
        <City>FAROWtYv</City>
        <City>lOzzPTbq</City>
      </Cities>
    </Dealer>
  </Car>
  <Car Manufacturer="WsumjhG" Model="HqwUAORxTAMAEPSDrNCo" Year="2008" Price="4237.00">
    <TransmissionType>manual</TransmissionType>
    <Dealer Name="XnwVksNoVH">
      <Cities>
        <City>OPKZMOqK</City>
        <City>TvSjPvTF</City>
        <City>vElNRYqn</City>
        <City>iYFhupBr</City>
        <City>sgKPhxwF</City>
        <City>ntYvegwL</City>
        <City>HEqoIJPx</City>
        <City>ZXvFJkHF</City>
        <City>tVrKcniK</City>
        <City>FKFGdorx</City>
        <City>QgTHSqVe</City>
        <City>fVqilEYT</City>
        <City>mMrtfOve</City>
        <City>FAROWtYv</City>
        <City>lOzzPTbq</City>
      </Cities>
    </Dealer>
  </Car>
  <Car Manufacturer="ccYKYpR" Model="DOVQypsWrckjMNBCJJIi" Year="2012" Price="93782.00">
    <TransmissionType>automatic</TransmissionType>
    <Dealer Name="CBbyeIhKql">
      <Cities>
        <City>OPKZMOqK</City>
        <City>TvSjPvTF</City>
        <City>vElNRYqn</City>
        <City>iYFhupBr</City>
        <City>sgKPhxwF</City>
        <City>ntYvegwL</City>
        <City>HEqoIJPx</City>
        <City>ZXvFJkHF</City>
        <City>tVrKcniK</City>
        <City>FKFGdorx</City>
        <City>QgTHSqVe</City>
        <City>fVqilEYT</City>
        <City>mMrtfOve</City>
        <City>FAROWtYv</City>
        <City>lOzzPTbq</City>
      </Cities>
    </Dealer>
  </Car>
  <Car Manufacturer="jGlwWbe" Model="UgvMGsaiKCcDCXIhYqSI" Year="2009" Price="7182.00">
    <TransmissionType>manual</TransmissionType>
    <Dealer Name="jVFUWocYur">
      <Cities>
        <City>OPKZMOqK</City>
        <City>TvSjPvTF</City>
        <City>vElNRYqn</City>
        <City>iYFhupBr</City>
        <City>sgKPhxwF</City>
        <City>ntYvegwL</City>
        <City>HEqoIJPx</City>
        <City>ZXvFJkHF</City>
        <City>tVrKcniK</City>
        <City>FKFGdorx</City>
        <City>QgTHSqVe</City>
        <City>fVqilEYT</City>
        <City>mMrtfOve</City>
        <City>FAROWtYv</City>
        <City>lOzzPTbq</City>
      </Cities>
    </Dealer>
  </Car>
  <Car Manufacturer="trZSOuZ" Model="vMtpVxHJUMbfVsIdDyaG" Year="2002" Price="28686.00">
    <TransmissionType>manual</TransmissionType>
    <Dealer Name="ymZyZJDUqh">
      <Cities>
        <City>OPKZMOqK</City>
        <City>TvSjPvTF</City>
        <City>vElNRYqn</City>
        <City>iYFhupBr</City>
        <City>sgKPhxwF</City>
        <City>ntYvegwL</City>
        <City>HEqoIJPx</City>
        <City>ZXvFJkHF</City>
        <City>tVrKcniK</City>
        <City>FKFGdorx</City>
        <City>QgTHSqVe</City>
        <City>fVqilEYT</City>
        <City>mMrtfOve</City>
        <City>FAROWtYv</City>
        <City>lOzzPTbq</City>
      </Cities>
    </Dealer>
  </Car>
  <Car Manufacturer="xjFLdMt" Model="EAngtxbfwOoVhevsCwGt" Year="2015" Price="79272.00">
    <TransmissionType>manual</TransmissionType>
    <Dealer Name="jVFUWocYur">
      <Cities>
        <City>OPKZMOqK</City>
        <City>TvSjPvTF</City>
        <City>vElNRYqn</City>
        <City>iYFhupBr</City>
        <City>sgKPhxwF</City>
        <City>ntYvegwL</City>
        <City>HEqoIJPx</City>
        <City>ZXvFJkHF</City>
        <City>tVrKcniK</City>
        <City>FKFGdorx</City>
        <City>QgTHSqVe</City>
        <City>fVqilEYT</City>
        <City>mMrtfOve</City>
        <City>FAROWtYv</City>
        <City>lOzzPTbq</City>
      </Cities>
    </Dealer>
  </Car>
  <Car Manufacturer="jGlwWbe" Model="XeTJmDyStHVnSdDqwuoh" Year="1995" Price="65927.00">
    <TransmissionType>manual</TransmissionType>
    <Dealer Name="qzegElxbOE">
      <Cities>
        <City>OPKZMOqK</City>
        <City>TvSjPvTF</City>
        <City>vElNRYqn</City>
        <City>iYFhupBr</City>
        <City>sgKPhxwF</City>
        <City>ntYvegwL</City>
        <City>HEqoIJPx</City>
        <City>ZXvFJkHF</City>
        <City>tVrKcniK</City>
        <City>FKFGdorx</City>
        <City>QgTHSqVe</City>
        <City>fVqilEYT</City>
        <City>mMrtfOve</City>
        <City>FAROWtYv</City>
        <City>lOzzPTbq</City>
      </Cities>
    </Dealer>
  </Car>
  <Car Manufacturer="VtmTPdt" Model="kxieAPvFZxMmblWPlnXO" Year="2010" Price="114084.00">
    <TransmissionType>manual</TransmissionType>
    <Dealer Name="JiBuTVOLZU">
      <Cities>
        <City>OPKZMOqK</City>
        <City>TvSjPvTF</City>
        <City>vElNRYqn</City>
        <City>iYFhupBr</City>
        <City>sgKPhxwF</City>
        <City>ntYvegwL</City>
        <City>HEqoIJPx</City>
        <City>ZXvFJkHF</City>
        <City>tVrKcniK</City>
        <City>FKFGdorx</City>
        <City>QgTHSqVe</City>
        <City>fVqilEYT</City>
        <City>mMrtfOve</City>
        <City>FAROWtYv</City>
        <City>lOzzPTbq</City>
      </Cities>
    </Dealer>
  </Car>
  <Car Manufacturer="xjFLdMt" Model="jDXbUFbISAkOHGsMDFeJ" Year="1995" Price="74282.00">
    <TransmissionType>automatic</TransmissionType>
    <Dealer Name="IIwZEZReus">
      <Cities>
        <City>OPKZMOqK</City>
        <City>TvSjPvTF</City>
        <City>vElNRYqn</City>
        <City>iYFhupBr</City>
        <City>sgKPhxwF</City>
        <City>ntYvegwL</City>
        <City>HEqoIJPx</City>
        <City>ZXvFJkHF</City>
        <City>tVrKcniK</City>
        <City>FKFGdorx</City>
        <City>QgTHSqVe</City>
        <City>fVqilEYT</City>
        <City>mMrtfOve</City>
        <City>FAROWtYv</City>
        <City>lOzzPTbq</City>
      </Cities>
    </Dealer>
  </Car>
  <Car Manufacturer="zVKNbOL" Model="rUAHHEAvfsixcGLTTVeW" Year="2001" Price="125012.00">
    <TransmissionType>automatic</TransmissionType>
    <Dealer Name="WdSNMsGpYW">
      <Cities>
        <City>OPKZMOqK</City>
        <City>TvSjPvTF</City>
        <City>vElNRYqn</City>
        <City>iYFhupBr</City>
        <City>sgKPhxwF</City>
        <City>ntYvegwL</City>
        <City>HEqoIJPx</City>
        <City>ZXvFJkHF</City>
        <City>tVrKcniK</City>
        <City>FKFGdorx</City>
        <City>QgTHSqVe</City>
        <City>fVqilEYT</City>
        <City>mMrtfOve</City>
        <City>FAROWtYv</City>
        <City>lOzzPTbq</City>
      </Cities>
    </Dealer>
  </Car>
  <Car Manufacturer="TVhYcLs" Model="AUlhsVRxNHHLtgOLaAeG" Year="2015" Price="113271.00">
    <TransmissionType>manual</TransmissionType>
    <Dealer Name="qzegElxbOE">
      <Cities>
        <City>OPKZMOqK</City>
        <City>TvSjPvTF</City>
        <City>vElNRYqn</City>
        <City>iYFhupBr</City>
        <City>sgKPhxwF</City>
        <City>ntYvegwL</City>
        <City>HEqoIJPx</City>
        <City>ZXvFJkHF</City>
        <City>tVrKcniK</City>
        <City>FKFGdorx</City>
        <City>QgTHSqVe</City>
        <City>fVqilEYT</City>
        <City>mMrtfOve</City>
        <City>FAROWtYv</City>
        <City>lOzzPTbq</City>
      </Cities>
    </Dealer>
  </Car>
  <Car Manufacturer="jGlwWbe" Model="WoqaxjiXDgKyAMgftELI" Year="1994" Price="110762.00">
    <TransmissionType>manual</TransmissionType>
    <Dealer Name="ymZyZJDUqh">
      <Cities>
        <City>OPKZMOqK</City>
        <City>TvSjPvTF</City>
        <City>vElNRYqn</City>
        <City>iYFhupBr</City>
        <City>sgKPhxwF</City>
        <City>ntYvegwL</City>
        <City>HEqoIJPx</City>
        <City>ZXvFJkHF</City>
        <City>tVrKcniK</City>
        <City>FKFGdorx</City>
        <City>QgTHSqVe</City>
        <City>fVqilEYT</City>
        <City>mMrtfOve</City>
        <City>FAROWtYv</City>
        <City>lOzzPTbq</City>
      </Cities>
    </Dealer>
  </Car>
  <Car Manufacturer="zVKNbOL" Model="lSGcWlxDycHnJXcVchBb" Year="2002" Price="199571.00">
    <TransmissionType>manual</TransmissionType>
    <Dealer Name="JiBuTVOLZU">
      <Cities>
        <City>OPKZMOqK</City>
        <City>TvSjPvTF</City>
        <City>vElNRYqn</City>
        <City>iYFhupBr</City>
        <City>sgKPhxwF</City>
        <City>ntYvegwL</City>
        <City>HEqoIJPx</City>
        <City>ZXvFJkHF</City>
        <City>tVrKcniK</City>
        <City>FKFGdorx</City>
        <City>QgTHSqVe</City>
        <City>fVqilEYT</City>
        <City>mMrtfOve</City>
        <City>FAROWtYv</City>
        <City>lOzzPTbq</City>
      </Cities>
    </Dealer>
  </Car>
  <Car Manufacturer="AQOqkua" Model="nbMYgVjbxQRbJYBxOEYF" Year="2005" Price="181351.00">
    <TransmissionType>manual</TransmissionType>
    <Dealer Name="JECphgTOkf">
      <Cities>
        <City>OPKZMOqK</City>
        <City>TvSjPvTF</City>
        <City>vElNRYqn</City>
        <City>HEqoIJPx</City>
        <City>ZXvFJkHF</City>
        <City>tVrKcniK</City>
        <City>mMrtfOve</City>
        <City>FAROWtYv</City>
        <City>lOzzPTbq</City>
        <City>FKFGdorx</City>
        <City>QgTHSqVe</City>
        <City>fVqilEYT</City>
        <City>iYFhupBr</City>
        <City>sgKPhxwF</City>
        <City>ntYvegwL</City>
      </Cities>
    </Dealer>
  </Car>
  <Car Manufacturer="trZSOuZ" Model="TPWUsIycyWqawlEhZMEB" Year="2002" Price="92484.00">
    <TransmissionType>manual</TransmissionType>
    <Dealer Name="iIsBbyIPWL">
      <Cities>
        <City>OPKZMOqK</City>
        <City>TvSjPvTF</City>
        <City>vElNRYqn</City>
        <City>iYFhupBr</City>
        <City>sgKPhxwF</City>
        <City>ntYvegwL</City>
        <City>HEqoIJPx</City>
        <City>ZXvFJkHF</City>
        <City>tVrKcniK</City>
        <City>FKFGdorx</City>
        <City>QgTHSqVe</City>
        <City>fVqilEYT</City>
        <City>mMrtfOve</City>
        <City>FAROWtYv</City>
        <City>lOzzPTbq</City>
      </Cities>
    </Dealer>
  </Car>
  <Car Manufacturer="zVKNbOL" Model="aYyzvFCFBTEdXIchaeGo" Year="1990" Price="30200.00">
    <TransmissionType>manual</TransmissionType>
    <Dealer Name="aVhMNylErc">
      <Cities>
        <City>OPKZMOqK</City>
        <City>TvSjPvTF</City>
        <City>vElNRYqn</City>
        <City>iYFhupBr</City>
        <City>sgKPhxwF</City>
        <City>ntYvegwL</City>
        <City>HEqoIJPx</City>
        <City>ZXvFJkHF</City>
        <City>tVrKcniK</City>
        <City>FKFGdorx</City>
        <City>QgTHSqVe</City>
        <City>fVqilEYT</City>
        <City>mMrtfOve</City>
        <City>FAROWtYv</City>
        <City>lOzzPTbq</City>
      </Cities>
    </Dealer>
  </Car>
  <Car Manufacturer="tagDKRA" Model="CVCqqTQXiaeyalXqjkcw" Year="2002" Price="156824.00">
    <TransmissionType>manual</TransmissionType>
    <Dealer Name="kOMOEHMjOD">
      <Cities>
        <City>OPKZMOqK</City>
        <City>TvSjPvTF</City>
        <City>vElNRYqn</City>
        <City>iYFhupBr</City>
        <City>sgKPhxwF</City>
        <City>ntYvegwL</City>
        <City>HEqoIJPx</City>
        <City>ZXvFJkHF</City>
        <City>tVrKcniK</City>
        <City>FKFGdorx</City>
        <City>QgTHSqVe</City>
        <City>fVqilEYT</City>
        <City>mMrtfOve</City>
        <City>FAROWtYv</City>
        <City>lOzzPTbq</City>
      </Cities>
    </Dealer>
  </Car>
  <Car Manufacturer="WsumjhG" Model="wONnWlmcChDKdlMAaBDc" Year="1998" Price="17090.00">
    <TransmissionType>manual</TransmissionType>
    <Dealer Name="iIsBbyIPWL">
      <Cities>
        <City>OPKZMOqK</City>
        <City>TvSjPvTF</City>
        <City>vElNRYqn</City>
        <City>iYFhupBr</City>
        <City>sgKPhxwF</City>
        <City>ntYvegwL</City>
        <City>HEqoIJPx</City>
        <City>ZXvFJkHF</City>
        <City>tVrKcniK</City>
        <City>FKFGdorx</City>
        <City>QgTHSqVe</City>
        <City>fVqilEYT</City>
        <City>mMrtfOve</City>
        <City>FAROWtYv</City>
        <City>lOzzPTbq</City>
      </Cities>
    </Dealer>
  </Car>
  <Car Manufacturer="ccYKYpR" Model="kReGwLovXCJuDsMyiqnY" Year="2007" Price="29391.00">
    <TransmissionType>manual</TransmissionType>
    <Dealer Name="JECphgTOkf">
      <Cities>
        <City>OPKZMOqK</City>
        <City>TvSjPvTF</City>
        <City>vElNRYqn</City>
        <City>HEqoIJPx</City>
        <City>ZXvFJkHF</City>
        <City>tVrKcniK</City>
        <City>mMrtfOve</City>
        <City>FAROWtYv</City>
        <City>lOzzPTbq</City>
        <City>FKFGdorx</City>
        <City>QgTHSqVe</City>
        <City>fVqilEYT</City>
        <City>iYFhupBr</City>
        <City>sgKPhxwF</City>
        <City>ntYvegwL</City>
      </Cities>
    </Dealer>
  </Car>
  <Car Manufacturer="zVKNbOL" Model="naqbywkGBUxwkrWiNKqf" Year="1998" Price="192950.00">
    <TransmissionType>automatic</TransmissionType>
    <Dealer Name="jVFUWocYur">
      <Cities>
        <City>OPKZMOqK</City>
        <City>TvSjPvTF</City>
        <City>vElNRYqn</City>
        <City>iYFhupBr</City>
        <City>sgKPhxwF</City>
        <City>ntYvegwL</City>
        <City>HEqoIJPx</City>
        <City>ZXvFJkHF</City>
        <City>tVrKcniK</City>
        <City>FKFGdorx</City>
        <City>QgTHSqVe</City>
        <City>fVqilEYT</City>
        <City>mMrtfOve</City>
        <City>FAROWtYv</City>
        <City>lOzzPTbq</City>
      </Cities>
    </Dealer>
  </Car>
  <Car Manufacturer="kMMQToM" Model="edJsiqkZYOEwEMJxrrBl" Year="1991" Price="23790.00">
    <TransmissionType>manual</TransmissionType>
    <Dealer Name="JiBuTVOLZU">
      <Cities>
        <City>OPKZMOqK</City>
        <City>TvSjPvTF</City>
        <City>vElNRYqn</City>
        <City>iYFhupBr</City>
        <City>sgKPhxwF</City>
        <City>ntYvegwL</City>
        <City>HEqoIJPx</City>
        <City>ZXvFJkHF</City>
        <City>tVrKcniK</City>
        <City>FKFGdorx</City>
        <City>QgTHSqVe</City>
        <City>fVqilEYT</City>
        <City>mMrtfOve</City>
        <City>FAROWtYv</City>
        <City>lOzzPTbq</City>
      </Cities>
    </Dealer>
  </Car>
  <Car Manufacturer="kMMQToM" Model="xqYdKloYSGwIlHLLTHeR" Year="2000" Price="24889.00">
    <TransmissionType>manual</TransmissionType>
    <Dealer Name="RxYkDxpDDw">
      <Cities>
        <City>OPKZMOqK</City>
        <City>TvSjPvTF</City>
        <City>vElNRYqn</City>
        <City>iYFhupBr</City>
        <City>sgKPhxwF</City>
        <City>ntYvegwL</City>
        <City>HEqoIJPx</City>
        <City>ZXvFJkHF</City>
        <City>tVrKcniK</City>
        <City>FKFGdorx</City>
        <City>QgTHSqVe</City>
        <City>fVqilEYT</City>
        <City>mMrtfOve</City>
        <City>FAROWtYv</City>
        <City>lOzzPTbq</City>
      </Cities>
    </Dealer>
  </Car>
  <Car Manufacturer="kMMQToM" Model="EATibkOJsuAuETHftCAj" Year="2002" Price="23808.00">
    <TransmissionType>manual</TransmissionType>
    <Dealer Name="sXGaacxxJP">
      <Cities>
        <City>OPKZMOqK</City>
        <City>TvSjPvTF</City>
        <City>vElNRYqn</City>
        <City>iYFhupBr</City>
        <City>sgKPhxwF</City>
        <City>ntYvegwL</City>
        <City>HEqoIJPx</City>
        <City>ZXvFJkHF</City>
        <City>tVrKcniK</City>
        <City>FKFGdorx</City>
        <City>QgTHSqVe</City>
        <City>fVqilEYT</City>
        <City>mMrtfOve</City>
        <City>FAROWtYv</City>
        <City>lOzzPTbq</City>
      </Cities>
    </Dealer>
  </Car>
  <Car Manufacturer="WsumjhG" Model="vMSTUYLlgnEkfMtcORLY" Year="1994" Price="14304.00">
    <TransmissionType>automatic</TransmissionType>
    <Dealer Name="jVFUWocYur">
      <Cities>
        <City>OPKZMOqK</City>
        <City>TvSjPvTF</City>
        <City>vElNRYqn</City>
        <City>iYFhupBr</City>
        <City>sgKPhxwF</City>
        <City>ntYvegwL</City>
        <City>HEqoIJPx</City>
        <City>ZXvFJkHF</City>
        <City>tVrKcniK</City>
        <City>FKFGdorx</City>
        <City>QgTHSqVe</City>
        <City>fVqilEYT</City>
        <City>mMrtfOve</City>
        <City>FAROWtYv</City>
        <City>lOzzPTbq</City>
      </Cities>
    </Dealer>
  </Car>
  <Car Manufacturer="tagDKRA" Model="zjSKaZGgpCrYabjSmTbJ" Year="2010" Price="90476.00">
    <TransmissionType>manual</TransmissionType>
    <Dealer Name="JiBuTVOLZU">
      <Cities>
        <City>OPKZMOqK</City>
        <City>TvSjPvTF</City>
        <City>vElNRYqn</City>
        <City>iYFhupBr</City>
        <City>sgKPhxwF</City>
        <City>ntYvegwL</City>
        <City>HEqoIJPx</City>
        <City>ZXvFJkHF</City>
        <City>tVrKcniK</City>
        <City>FKFGdorx</City>
        <City>QgTHSqVe</City>
        <City>fVqilEYT</City>
        <City>mMrtfOve</City>
        <City>FAROWtYv</City>
        <City>lOzzPTbq</City>
      </Cities>
    </Dealer>
  </Car>
  <Car Manufacturer="CxRwrFv" Model="iDrkCsiBYbTVNedzXrkq" Year="2010" Price="166305.00">
    <TransmissionType>manual</TransmissionType>
    <Dealer Name="WdSNMsGpYW">
      <Cities>
        <City>OPKZMOqK</City>
        <City>TvSjPvTF</City>
        <City>vElNRYqn</City>
        <City>iYFhupBr</City>
        <City>sgKPhxwF</City>
        <City>ntYvegwL</City>
        <City>HEqoIJPx</City>
        <City>ZXvFJkHF</City>
        <City>tVrKcniK</City>
        <City>FKFGdorx</City>
        <City>QgTHSqVe</City>
        <City>fVqilEYT</City>
        <City>mMrtfOve</City>
        <City>FAROWtYv</City>
        <City>lOzzPTbq</City>
      </Cities>
    </Dealer>
  </Car>
  <Car Manufacturer="cXuLkSM" Model="ybvMtofSrCpFAypYDHzQ" Year="2005" Price="27138.00">
    <TransmissionType>manual</TransmissionType>
    <Dealer Name="ZQBGAhhuXT">
      <Cities>
        <City>OPKZMOqK</City>
        <City>TvSjPvTF</City>
        <City>vElNRYqn</City>
        <City>iYFhupBr</City>
        <City>sgKPhxwF</City>
        <City>ntYvegwL</City>
        <City>HEqoIJPx</City>
        <City>ZXvFJkHF</City>
        <City>tVrKcniK</City>
        <City>FKFGdorx</City>
        <City>QgTHSqVe</City>
        <City>fVqilEYT</City>
        <City>mMrtfOve</City>
        <City>FAROWtYv</City>
        <City>lOzzPTbq</City>
      </Cities>
    </Dealer>
  </Car>
  <Car Manufacturer="gtOPZto" Model="soRyOGLMtHGMiequnaKS" Year="1990" Price="164171.00">
    <TransmissionType>manual</TransmissionType>
    <Dealer Name="OSJrwoeKYK">
      <Cities>
        <City>OPKZMOqK</City>
        <City>TvSjPvTF</City>
        <City>vElNRYqn</City>
        <City>iYFhupBr</City>
        <City>sgKPhxwF</City>
        <City>ntYvegwL</City>
        <City>HEqoIJPx</City>
        <City>ZXvFJkHF</City>
        <City>tVrKcniK</City>
        <City>FKFGdorx</City>
        <City>QgTHSqVe</City>
        <City>fVqilEYT</City>
        <City>mMrtfOve</City>
        <City>FAROWtYv</City>
        <City>lOzzPTbq</City>
      </Cities>
    </Dealer>
  </Car>
  <Car Manufacturer="YMvBcES" Model="lHjCvXvvvqAsoitoFiSr" Year="2003" Price="98600.00">
    <TransmissionType>manual</TransmissionType>
    <Dealer Name="CBbyeIhKql">
      <Cities>
        <City>OPKZMOqK</City>
        <City>TvSjPvTF</City>
        <City>vElNRYqn</City>
        <City>iYFhupBr</City>
        <City>sgKPhxwF</City>
        <City>ntYvegwL</City>
        <City>HEqoIJPx</City>
        <City>ZXvFJkHF</City>
        <City>tVrKcniK</City>
        <City>FKFGdorx</City>
        <City>QgTHSqVe</City>
        <City>fVqilEYT</City>
        <City>mMrtfOve</City>
        <City>FAROWtYv</City>
        <City>lOzzPTbq</City>
      </Cities>
    </Dealer>
  </Car>
  <Car Manufacturer="xjFLdMt" Model="OyHHoyRhVEdrLiQmjzuu" Year="2002" Price="148305.00">
    <TransmissionType>manual</TransmissionType>
    <Dealer Name="OSJrwoeKYK">
      <Cities>
        <City>OPKZMOqK</City>
        <City>TvSjPvTF</City>
        <City>vElNRYqn</City>
        <City>iYFhupBr</City>
        <City>sgKPhxwF</City>
        <City>ntYvegwL</City>
        <City>HEqoIJPx</City>
        <City>ZXvFJkHF</City>
        <City>tVrKcniK</City>
        <City>FKFGdorx</City>
        <City>QgTHSqVe</City>
        <City>fVqilEYT</City>
        <City>mMrtfOve</City>
        <City>FAROWtYv</City>
        <City>lOzzPTbq</City>
      </Cities>
    </Dealer>
  </Car>
  <Car Manufacturer="ccYKYpR" Model="zpHQgXsrIxnoBBbHNoKO" Year="2003" Price="85886.00">
    <TransmissionType>manual</TransmissionType>
    <Dealer Name="jVFUWocYur">
      <Cities>
        <City>OPKZMOqK</City>
        <City>TvSjPvTF</City>
        <City>vElNRYqn</City>
        <City>iYFhupBr</City>
        <City>sgKPhxwF</City>
        <City>ntYvegwL</City>
        <City>HEqoIJPx</City>
        <City>ZXvFJkHF</City>
        <City>tVrKcniK</City>
        <City>FKFGdorx</City>
        <City>QgTHSqVe</City>
        <City>fVqilEYT</City>
        <City>mMrtfOve</City>
        <City>FAROWtYv</City>
        <City>lOzzPTbq</City>
      </Cities>
    </Dealer>
  </Car>
  <Car Manufacturer="trZSOuZ" Model="ROSmZFaWzcZEXFyUZTzu" Year="1999" Price="191900.00">
    <TransmissionType>manual</TransmissionType>
    <Dealer Name="aVhMNylErc">
      <Cities>
        <City>OPKZMOqK</City>
        <City>TvSjPvTF</City>
        <City>vElNRYqn</City>
        <City>iYFhupBr</City>
        <City>sgKPhxwF</City>
        <City>ntYvegwL</City>
        <City>HEqoIJPx</City>
        <City>ZXvFJkHF</City>
        <City>tVrKcniK</City>
        <City>FKFGdorx</City>
        <City>QgTHSqVe</City>
        <City>fVqilEYT</City>
        <City>mMrtfOve</City>
        <City>FAROWtYv</City>
        <City>lOzzPTbq</City>
      </Cities>
    </Dealer>
  </Car>
  <Car Manufacturer="TVhYcLs" Model="rSvQOVeGFeZWYiNfCyhI" Year="1997" Price="66841.00">
    <TransmissionType>automatic</TransmissionType>
    <Dealer Name="CBbyeIhKql">
      <Cities>
        <City>OPKZMOqK</City>
        <City>TvSjPvTF</City>
        <City>vElNRYqn</City>
        <City>iYFhupBr</City>
        <City>sgKPhxwF</City>
        <City>ntYvegwL</City>
        <City>HEqoIJPx</City>
        <City>ZXvFJkHF</City>
        <City>tVrKcniK</City>
        <City>FKFGdorx</City>
        <City>QgTHSqVe</City>
        <City>fVqilEYT</City>
        <City>mMrtfOve</City>
        <City>FAROWtYv</City>
        <City>lOzzPTbq</City>
      </Cities>
    </Dealer>
  </Car>
  <Car Manufacturer="fiWURFS" Model="nqcZvmYoNIajNEZRAUvD" Year="2006" Price="182436.00">
    <TransmissionType>automatic</TransmissionType>
    <Dealer Name="ymZyZJDUqh">
      <Cities>
        <City>OPKZMOqK</City>
        <City>TvSjPvTF</City>
        <City>vElNRYqn</City>
        <City>iYFhupBr</City>
        <City>sgKPhxwF</City>
        <City>ntYvegwL</City>
        <City>HEqoIJPx</City>
        <City>ZXvFJkHF</City>
        <City>tVrKcniK</City>
        <City>FKFGdorx</City>
        <City>QgTHSqVe</City>
        <City>fVqilEYT</City>
        <City>mMrtfOve</City>
        <City>FAROWtYv</City>
        <City>lOzzPTbq</City>
      </Cities>
    </Dealer>
  </Car>
  <Car Manufacturer="zVKNbOL" Model="xFTmCuGIhndgimxjUFET" Year="2007" Price="140913.00">
    <TransmissionType>manual</TransmissionType>
    <Dealer Name="iIsBbyIPWL">
      <Cities>
        <City>OPKZMOqK</City>
        <City>TvSjPvTF</City>
        <City>vElNRYqn</City>
        <City>iYFhupBr</City>
        <City>sgKPhxwF</City>
        <City>ntYvegwL</City>
        <City>HEqoIJPx</City>
        <City>ZXvFJkHF</City>
        <City>tVrKcniK</City>
        <City>FKFGdorx</City>
        <City>QgTHSqVe</City>
        <City>fVqilEYT</City>
        <City>mMrtfOve</City>
        <City>FAROWtYv</City>
        <City>lOzzPTbq</City>
      </Cities>
    </Dealer>
  </Car>
  <Car Manufacturer="WsumjhG" Model="FGLWKKjapTVaFgcFWloU" Year="1993" Price="143047.00">
    <TransmissionType>automatic</TransmissionType>
    <Dealer Name="LGQggviZXd">
      <Cities>
        <City>OPKZMOqK</City>
        <City>TvSjPvTF</City>
        <City>vElNRYqn</City>
        <City>iYFhupBr</City>
        <City>sgKPhxwF</City>
        <City>ntYvegwL</City>
        <City>HEqoIJPx</City>
        <City>ZXvFJkHF</City>
        <City>tVrKcniK</City>
        <City>FKFGdorx</City>
        <City>QgTHSqVe</City>
        <City>fVqilEYT</City>
        <City>mMrtfOve</City>
        <City>FAROWtYv</City>
        <City>lOzzPTbq</City>
      </Cities>
    </Dealer>
  </Car>
  <Car Manufacturer="trZSOuZ" Model="OWkTWTiGoAwLdSwIweNt" Year="2011" Price="198236.00">
    <TransmissionType>manual</TransmissionType>
    <Dealer Name="FlcHWbiwhH">
      <Cities>
        <City>OPKZMOqK</City>
        <City>TvSjPvTF</City>
        <City>vElNRYqn</City>
        <City>HEqoIJPx</City>
        <City>ZXvFJkHF</City>
        <City>tVrKcniK</City>
        <City>mMrtfOve</City>
        <City>FAROWtYv</City>
        <City>lOzzPTbq</City>
        <City>FKFGdorx</City>
        <City>QgTHSqVe</City>
        <City>fVqilEYT</City>
        <City>iYFhupBr</City>
        <City>sgKPhxwF</City>
        <City>ntYvegwL</City>
      </Cities>
    </Dealer>
  </Car>
  <Car Manufacturer="WsumjhG" Model="LkKwzzajwNpVwCszrcIL" Year="2001" Price="31543.00">
    <TransmissionType>manual</TransmissionType>
    <Dealer Name="IIwZEZReus">
      <Cities>
        <City>OPKZMOqK</City>
        <City>TvSjPvTF</City>
        <City>vElNRYqn</City>
        <City>iYFhupBr</City>
        <City>sgKPhxwF</City>
        <City>ntYvegwL</City>
        <City>HEqoIJPx</City>
        <City>ZXvFJkHF</City>
        <City>tVrKcniK</City>
        <City>FKFGdorx</City>
        <City>QgTHSqVe</City>
        <City>fVqilEYT</City>
        <City>mMrtfOve</City>
        <City>FAROWtYv</City>
        <City>lOzzPTbq</City>
      </Cities>
    </Dealer>
  </Car>
  <Car Manufacturer="trZSOuZ" Model="yCbpfFMZIxvrAxluWjTb" Year="1990" Price="128764.00">
    <TransmissionType>automatic</TransmissionType>
    <Dealer Name="OSJrwoeKYK">
      <Cities>
        <City>OPKZMOqK</City>
        <City>TvSjPvTF</City>
        <City>vElNRYqn</City>
        <City>iYFhupBr</City>
        <City>sgKPhxwF</City>
        <City>ntYvegwL</City>
        <City>HEqoIJPx</City>
        <City>ZXvFJkHF</City>
        <City>tVrKcniK</City>
        <City>FKFGdorx</City>
        <City>QgTHSqVe</City>
        <City>fVqilEYT</City>
        <City>mMrtfOve</City>
        <City>FAROWtYv</City>
        <City>lOzzPTbq</City>
      </Cities>
    </Dealer>
  </Car>
  <Car Manufacturer="SofvzqX" Model="VvppNikXBYHGikIXuvDz" Year="2003" Price="110131.00">
    <TransmissionType>automatic</TransmissionType>
    <Dealer Name="XjwcFxwGvM">
      <Cities>
        <City>OPKZMOqK</City>
        <City>TvSjPvTF</City>
        <City>vElNRYqn</City>
        <City>iYFhupBr</City>
        <City>sgKPhxwF</City>
        <City>ntYvegwL</City>
        <City>HEqoIJPx</City>
        <City>ZXvFJkHF</City>
        <City>tVrKcniK</City>
        <City>FKFGdorx</City>
        <City>QgTHSqVe</City>
        <City>fVqilEYT</City>
        <City>mMrtfOve</City>
        <City>FAROWtYv</City>
        <City>lOzzPTbq</City>
      </Cities>
    </Dealer>
  </Car>
  <Car Manufacturer="jGlwWbe" Model="JkumBbJRjQkSkNHcwMnQ" Year="1999" Price="3839.00">
    <TransmissionType>manual</TransmissionType>
    <Dealer Name="ZQBGAhhuXT">
      <Cities>
        <City>OPKZMOqK</City>
        <City>TvSjPvTF</City>
        <City>vElNRYqn</City>
        <City>iYFhupBr</City>
        <City>sgKPhxwF</City>
        <City>ntYvegwL</City>
        <City>HEqoIJPx</City>
        <City>ZXvFJkHF</City>
        <City>tVrKcniK</City>
        <City>FKFGdorx</City>
        <City>QgTHSqVe</City>
        <City>fVqilEYT</City>
        <City>mMrtfOve</City>
        <City>FAROWtYv</City>
        <City>lOzzPTbq</City>
      </Cities>
    </Dealer>
  </Car>
  <Car Manufacturer="fiWURFS" Model="wglKVcqYZzcOWfxQArnb" Year="2012" Price="42111.00">
    <TransmissionType>manual</TransmissionType>
    <Dealer Name="aVhMNylErc">
      <Cities>
        <City>OPKZMOqK</City>
        <City>TvSjPvTF</City>
        <City>vElNRYqn</City>
        <City>iYFhupBr</City>
        <City>sgKPhxwF</City>
        <City>ntYvegwL</City>
        <City>HEqoIJPx</City>
        <City>ZXvFJkHF</City>
        <City>tVrKcniK</City>
        <City>FKFGdorx</City>
        <City>QgTHSqVe</City>
        <City>fVqilEYT</City>
        <City>mMrtfOve</City>
        <City>FAROWtYv</City>
        <City>lOzzPTbq</City>
      </Cities>
    </Dealer>
  </Car>
  <Car Manufacturer="SofvzqX" Model="ZinaRkVvecgZvIbLoHAh" Year="1999" Price="162575.00">
    <TransmissionType>automatic</TransmissionType>
    <Dealer Name="qzegElxbOE">
      <Cities>
        <City>OPKZMOqK</City>
        <City>TvSjPvTF</City>
        <City>vElNRYqn</City>
        <City>iYFhupBr</City>
        <City>sgKPhxwF</City>
        <City>ntYvegwL</City>
        <City>HEqoIJPx</City>
        <City>ZXvFJkHF</City>
        <City>tVrKcniK</City>
        <City>FKFGdorx</City>
        <City>QgTHSqVe</City>
        <City>fVqilEYT</City>
        <City>mMrtfOve</City>
        <City>FAROWtYv</City>
        <City>lOzzPTbq</City>
      </Cities>
    </Dealer>
  </Car>
  <Car Manufacturer="trZSOuZ" Model="WqvGoluICIlyhrtbAUka" Year="2015" Price="186730.00">
    <TransmissionType>manual</TransmissionType>
    <Dealer Name="kOMOEHMjOD">
      <Cities>
        <City>OPKZMOqK</City>
        <City>TvSjPvTF</City>
        <City>vElNRYqn</City>
        <City>iYFhupBr</City>
        <City>sgKPhxwF</City>
        <City>ntYvegwL</City>
        <City>HEqoIJPx</City>
        <City>ZXvFJkHF</City>
        <City>tVrKcniK</City>
        <City>FKFGdorx</City>
        <City>QgTHSqVe</City>
        <City>fVqilEYT</City>
        <City>mMrtfOve</City>
        <City>FAROWtYv</City>
        <City>lOzzPTbq</City>
      </Cities>
    </Dealer>
  </Car>
  <Car Manufacturer="PMtFAEz" Model="zhWSODrqOfAXnuemFSap" Year="2010" Price="99763.00">
    <TransmissionType>automatic</TransmissionType>
    <Dealer Name="FlcHWbiwhH">
      <Cities>
        <City>OPKZMOqK</City>
        <City>TvSjPvTF</City>
        <City>vElNRYqn</City>
        <City>HEqoIJPx</City>
        <City>ZXvFJkHF</City>
        <City>tVrKcniK</City>
        <City>mMrtfOve</City>
        <City>FAROWtYv</City>
        <City>lOzzPTbq</City>
        <City>FKFGdorx</City>
        <City>QgTHSqVe</City>
        <City>fVqilEYT</City>
        <City>iYFhupBr</City>
        <City>sgKPhxwF</City>
        <City>ntYvegwL</City>
      </Cities>
    </Dealer>
  </Car>
  <Car Manufacturer="gtOPZto" Model="zIeqqwFDmNlkthHqdOad" Year="2013" Price="127521.00">
    <TransmissionType>manual</TransmissionType>
    <Dealer Name="WdSNMsGpYW">
      <Cities>
        <City>OPKZMOqK</City>
        <City>TvSjPvTF</City>
        <City>vElNRYqn</City>
        <City>iYFhupBr</City>
        <City>sgKPhxwF</City>
        <City>ntYvegwL</City>
        <City>HEqoIJPx</City>
        <City>ZXvFJkHF</City>
        <City>tVrKcniK</City>
        <City>FKFGdorx</City>
        <City>QgTHSqVe</City>
        <City>fVqilEYT</City>
        <City>mMrtfOve</City>
        <City>FAROWtYv</City>
        <City>lOzzPTbq</City>
      </Cities>
    </Dealer>
  </Car>
  <Car Manufacturer="YMvBcES" Model="YLLrtHLQEjMXpESkIRBV" Year="2007" Price="96876.00">
    <TransmissionType>manual</TransmissionType>
    <Dealer Name="JiBuTVOLZU">
      <Cities>
        <City>OPKZMOqK</City>
        <City>TvSjPvTF</City>
        <City>vElNRYqn</City>
        <City>iYFhupBr</City>
        <City>sgKPhxwF</City>
        <City>ntYvegwL</City>
        <City>HEqoIJPx</City>
        <City>ZXvFJkHF</City>
        <City>tVrKcniK</City>
        <City>FKFGdorx</City>
        <City>QgTHSqVe</City>
        <City>fVqilEYT</City>
        <City>mMrtfOve</City>
        <City>FAROWtYv</City>
        <City>lOzzPTbq</City>
      </Cities>
    </Dealer>
  </Car>
  <Car Manufacturer="trZSOuZ" Model="odRJMURIXusvTdYddYeF" Year="1995" Price="97370.00">
    <TransmissionType>manual</TransmissionType>
    <Dealer Name="OSJrwoeKYK">
      <Cities>
        <City>OPKZMOqK</City>
        <City>TvSjPvTF</City>
        <City>vElNRYqn</City>
        <City>iYFhupBr</City>
        <City>sgKPhxwF</City>
        <City>ntYvegwL</City>
        <City>HEqoIJPx</City>
        <City>ZXvFJkHF</City>
        <City>tVrKcniK</City>
        <City>FKFGdorx</City>
        <City>QgTHSqVe</City>
        <City>fVqilEYT</City>
        <City>mMrtfOve</City>
        <City>FAROWtYv</City>
        <City>lOzzPTbq</City>
      </Cities>
    </Dealer>
  </Car>
  <Car Manufacturer="VtmTPdt" Model="IDIfccLTThyuXrGggXrN" Year="2014" Price="192199.00">
    <TransmissionType>manual</TransmissionType>
    <Dealer Name="ZQBGAhhuXT">
      <Cities>
        <City>OPKZMOqK</City>
        <City>TvSjPvTF</City>
        <City>vElNRYqn</City>
        <City>iYFhupBr</City>
        <City>sgKPhxwF</City>
        <City>ntYvegwL</City>
        <City>HEqoIJPx</City>
        <City>ZXvFJkHF</City>
        <City>tVrKcniK</City>
        <City>FKFGdorx</City>
        <City>QgTHSqVe</City>
        <City>fVqilEYT</City>
        <City>mMrtfOve</City>
        <City>FAROWtYv</City>
        <City>lOzzPTbq</City>
      </Cities>
    </Dealer>
  </Car>
  <Car Manufacturer="myszMtE" Model="EZASSUchLNAsRQjAJqfi" Year="2015" Price="4578.00">
    <TransmissionType>manual</TransmissionType>
    <Dealer Name="evQEIaOOem">
      <Cities>
        <City>OPKZMOqK</City>
        <City>TvSjPvTF</City>
        <City>vElNRYqn</City>
        <City>iYFhupBr</City>
        <City>sgKPhxwF</City>
        <City>ntYvegwL</City>
        <City>HEqoIJPx</City>
        <City>ZXvFJkHF</City>
        <City>tVrKcniK</City>
        <City>FKFGdorx</City>
        <City>QgTHSqVe</City>
        <City>fVqilEYT</City>
        <City>mMrtfOve</City>
        <City>FAROWtYv</City>
        <City>lOzzPTbq</City>
      </Cities>
    </Dealer>
  </Car>
  <Car Manufacturer="PMtFAEz" Model="FTglGMPSXmSBPdSpgsfo" Year="2005" Price="25780.00">
    <TransmissionType>manual</TransmissionType>
    <Dealer Name="aVhMNylErc">
      <Cities>
        <City>OPKZMOqK</City>
        <City>TvSjPvTF</City>
        <City>vElNRYqn</City>
        <City>iYFhupBr</City>
        <City>sgKPhxwF</City>
        <City>ntYvegwL</City>
        <City>HEqoIJPx</City>
        <City>ZXvFJkHF</City>
        <City>tVrKcniK</City>
        <City>FKFGdorx</City>
        <City>QgTHSqVe</City>
        <City>fVqilEYT</City>
        <City>mMrtfOve</City>
        <City>FAROWtYv</City>
        <City>lOzzPTbq</City>
      </Cities>
    </Dealer>
  </Car>
  <Car Manufacturer="fiWURFS" Model="QhJSaHcfPIBaGocytwiI" Year="1997" Price="106863.00">
    <TransmissionType>automatic</TransmissionType>
    <Dealer Name="FlcHWbiwhH">
      <Cities>
        <City>OPKZMOqK</City>
        <City>TvSjPvTF</City>
        <City>vElNRYqn</City>
        <City>HEqoIJPx</City>
        <City>ZXvFJkHF</City>
        <City>tVrKcniK</City>
        <City>mMrtfOve</City>
        <City>FAROWtYv</City>
        <City>lOzzPTbq</City>
        <City>FKFGdorx</City>
        <City>QgTHSqVe</City>
        <City>fVqilEYT</City>
        <City>iYFhupBr</City>
        <City>sgKPhxwF</City>
        <City>ntYvegwL</City>
      </Cities>
    </Dealer>
  </Car>
  <Car Manufacturer="fiWURFS" Model="NAgepiYAwiIFMKYjOKnF" Year="1996" Price="146469.00">
    <TransmissionType>manual</TransmissionType>
    <Dealer Name="OSJrwoeKYK">
      <Cities>
        <City>OPKZMOqK</City>
        <City>TvSjPvTF</City>
        <City>vElNRYqn</City>
        <City>iYFhupBr</City>
        <City>sgKPhxwF</City>
        <City>ntYvegwL</City>
        <City>HEqoIJPx</City>
        <City>ZXvFJkHF</City>
        <City>tVrKcniK</City>
        <City>FKFGdorx</City>
        <City>QgTHSqVe</City>
        <City>fVqilEYT</City>
        <City>mMrtfOve</City>
        <City>FAROWtYv</City>
        <City>lOzzPTbq</City>
      </Cities>
    </Dealer>
  </Car>
  <Car Manufacturer="YMvBcES" Model="PFeORxLTuczkSSCGrtpn" Year="2007" Price="140500.00">
    <TransmissionType>manual</TransmissionType>
    <Dealer Name="jVFUWocYur">
      <Cities>
        <City>OPKZMOqK</City>
        <City>TvSjPvTF</City>
        <City>vElNRYqn</City>
        <City>iYFhupBr</City>
        <City>sgKPhxwF</City>
        <City>ntYvegwL</City>
        <City>HEqoIJPx</City>
        <City>ZXvFJkHF</City>
        <City>tVrKcniK</City>
        <City>FKFGdorx</City>
        <City>QgTHSqVe</City>
        <City>fVqilEYT</City>
        <City>mMrtfOve</City>
        <City>FAROWtYv</City>
        <City>lOzzPTbq</City>
      </Cities>
    </Dealer>
  </Car>
  <Car Manufacturer="fiWURFS" Model="YAUWnYwHTSVhRLtsQwje" Year="1991" Price="168880.00">
    <TransmissionType>manual</TransmissionType>
    <Dealer Name="XjwcFxwGvM">
      <Cities>
        <City>OPKZMOqK</City>
        <City>TvSjPvTF</City>
        <City>vElNRYqn</City>
        <City>iYFhupBr</City>
        <City>sgKPhxwF</City>
        <City>ntYvegwL</City>
        <City>HEqoIJPx</City>
        <City>ZXvFJkHF</City>
        <City>tVrKcniK</City>
        <City>FKFGdorx</City>
        <City>QgTHSqVe</City>
        <City>fVqilEYT</City>
        <City>mMrtfOve</City>
        <City>FAROWtYv</City>
        <City>lOzzPTbq</City>
      </Cities>
    </Dealer>
  </Car>
  <Car Manufacturer="tagDKRA" Model="RtxrVmcLZLyXoanKzjlK" Year="2013" Price="108410.00">
    <TransmissionType>manual</TransmissionType>
    <Dealer Name="FlcHWbiwhH">
      <Cities>
        <City>OPKZMOqK</City>
        <City>TvSjPvTF</City>
        <City>vElNRYqn</City>
        <City>HEqoIJPx</City>
        <City>ZXvFJkHF</City>
        <City>tVrKcniK</City>
        <City>mMrtfOve</City>
        <City>FAROWtYv</City>
        <City>lOzzPTbq</City>
        <City>FKFGdorx</City>
        <City>QgTHSqVe</City>
        <City>fVqilEYT</City>
        <City>iYFhupBr</City>
        <City>sgKPhxwF</City>
        <City>ntYvegwL</City>
      </Cities>
    </Dealer>
  </Car>
</Cars>